{
  "min": -2.613275,
  "max": 1.3238195,
  "p5": -2.185657535,
  "p95": 1.3090719
}