{"z1_min": -0.6985206007957458, "z1_max": 0.3480261564254761}